Arr City Code,都市名,国名,arr_lat,arr_lon
HEL,HELSINKI,Finland,60.16985569999999,24.938379
TRN,TURIN,Italy,45.0703155,7.6868552
KRK,KRAKOW,Poland,50.06465009999999,19.9449799
FAO,FARO,Portugal (including Azores & Madeira),37.7412488,-25.6755944
ZRH,ZURICH,Switzerland,47.3768866,8.541694
BDS,BRINDISI,Italy,40.6327732,17.9418724
HAM,HAMBURG,Germany,53.5488282,9.987170299999999
PAR,PARIS,France,48.8575475,2.3513765
ABZ,ABERDEEN,United Kingdom,57.1498891,-2.0937528
CHQ,CHANIA,Greece,35.5138298,24.0180367
HER,IRAKLEION,Greece,35.3387352,25.1442126
DOH,DOHA,Qatar,25.2854473,51.53103979999999
ATL,ATLANTA,United States of America,33.7501275,-84.3885209
STO,STOCKHOLM,Sweden,59.3327036,18.0656255
SNN,SHANNON,Ireland,52.71178219999999,-8.8783365
MAD,MADRID,Spain and Canary Islands,40.41672790000001,-3.7032905
ALC,ALICANTE,Spain and Canary Islands,38.3457685,-0.4909444
TLV,TEL AVIV YAFO,Israel,32.0852999,34.78176759999999
CUN,CANCUN,Mexico,21.161908,-86.8515279
CPH,COPENHAGEN,Denmark,55.6760968,12.5683371
BIQ,BIARRITZ,France,43.4831519,-1.558626
BRI,BARI,Italy,41.1171432,16.8718715
MBJ,MONTEGO BAY,Jamaica,18.4713814,-77.9228676
TPE,TAIPEI,Chinese Taipei,25.0329694,121.5654177
LAS,LAS VEGAS,United States of America,36.171563,-115.1391009
RAK,MARRAKECH,Morocco,31.6225224,-7.989825799999999
VIE,VIENNA,Austria,48.20806959999999,16.3713095
MLA,MALTA,Malta,35.937496,14.375416
SOF,SOFIA,Bulgaria,42.6977082,23.3218675
CMF,CHAMBERY,France,45.564601,5.917781
TCI,TENERIFE,Spain and Canary Islands,28.2915637,-16.6291304
ACE,LANZAROTE,Spain and Canary Islands,29.0468535,-13.5899733
EDI,EDINBURGH,United Kingdom,55.953252,-3.188267
GLA,GLASGOW,United Kingdom,55.86167039999999,-4.2583345
AYT,ANTALYA,Turkey,36.8968908,30.7133233
BOS,BOSTON,United States of America,42.3600825,-71.0588801
PMI,PALMA MALLORCA,Spain and Canary Islands,39.5726541,2.6568551
LIS,LISBON,Portugal (including Azores & Madeira),37.7412488,-25.6755944
AHO,ALGHERO,Italy,40.5582971,8.319106999999999
FRA,FRANKFURT,Germany,50.1109221,8.6821267
BAH,BAHRAIN,Bahrain,26.0667,50.5577
SJJ,SARAJEVO,Bosnia and Herzegovina,43.8562586,18.4130763
DUS,DUSSELDORF,Germany,51.2230411,6.7824545
ROM,ROME,Italy,41.8967068,12.4822025
HAN,HANOI,Vietnam,21.0277644,105.8341598
KSC,KOSICE,Slovak Republic,48.7163857,21.2610746
NAP,NAPLES,Italy,40.8517983,14.26812
MIL,MILAN,Italy,45.468503,9.182402699999999
JTR,THIRA,Greece,36.3931562,25.4615092
KIR,KERRY,Ireland,52.15446069999999,-9.5668632
OPO,PORTO,Portugal (including Azores & Madeira),37.7412488,-25.6755944
ZYL,SYLHET,Bangladesh,24.9047808,91.86000790000001
BRU,BRUSSELS,Belgium,50.84770289999999,4.357200100000001
AMS,AMSTERDAM,Netherlands,52.3675734,4.9041389
BER,BERLIN,Germany,52.52000659999999,13.404954
LPA,GRAN CANARIA,Spain and Canary Islands,27.9202202,-15.5474373
BCN,BARCELONA,Spain and Canary Islands,28.2915637,-16.6291304
LAX,LOS ANGELES,United States of America,34.0549076,-118.242643
STR,STUTTGART,Germany,48.7758459,9.1829321
GCI,GUERNSEY,United Kingdom,55.378051,-3.435973
NCL,NEWCASTLE,United Kingdom,54.978252,-1.61778
NBO,NAIROBI,Kenya,-1.2920659,36.8219462
GIB,GIBRALTAR,Gibraltar,36.140751,-5.353585
AGP,MALAGA,Spain and Canary Islands,28.2915637,-16.6291304
VCE,VENICE,Italy,45.440379,12.3159547
JER,JERSEY,United Kingdom,55.378051,-3.435973
TIA,TIRANA,Albania,41.3275459,19.8186982
KLX,KALAMATA,Greece,37.0366386,22.1143716
PFO,PAPHOS,Cyprus,34.77539489999999,32.4217786
GOA,GENOA,Italy,44.4071448,8.934738099999999
NYC,NEW YORK,United States of America,40.7127753,-74.0059728
ISB,ISLAMABAD,Pakistan,33.6995086,73.0362897
VLC,VALENCIA,Spain and Canary Islands,39.4738338,-0.3756348
PRN,PRISTINA,Kosovo,42.6629138,21.1655028
OSL,OSLO,Norway,59.9138688,10.7522454
MLB,MELBOURNE,United States of America,28.0836269,-80.60810889999999
FNC,FUNCHAL,Portugal (including Azores & Madeira),32.6506129,-16.9082357
JED,JEDDAH,Saudi Arabia,21.5291545,39.1610863
DLM,DALAMAN,Turkey,36.76662,28.799991
IBZ,IBIZA,Spain and Canary Islands,39.0200099,1.4821482
LEI,ALMERIA,Spain and Canary Islands,36.8512151,-2.4521658
TIV,TIVAT,Montenegro,42.4317899,18.6989746
OLB,OLBIA,Italy,40.9236401,9.4964224
LYS,LYON,France,45.764043,4.835659
MAN,MANCHESTER,United Kingdom,53.4807593,-2.2426305
MIA,MIAMI,United States of America,25.7616798,-80.1917902
IZM,IZMIR,Turkey,38.423734,27.142826
SFO,SAN FRANCISCO,United States of America,37.7749295,-122.4194155
GVA,GENEVA,Switzerland,46.2043907,6.1431577
YVR,VANCOUVER,Canada,49.2827291,-123.1207375
SLU,ST LUCIA,St. Lucia,13.909444,-60.978893
REK,REYKJAVIK,Iceland,64.1469868,-21.9407552
BUD,BUDAPEST,Hungary,47.497912,19.040235
WAS,WASHINGTON,United States of America,47.7510741,-120.7401386
TLS,TOULOUSE,France,43.6048462,1.442848
DUB,DUBLIN,Ireland,53.3498053,-6.2603097
SEA,SEATTLE,United States of America,47.6061389,-122.3328481
CHI,CHICAGO,United States of America,41.8781136,-87.6297982
SKG,THESSALONIKI,Greece,40.6400629,22.9444191
SCV,SUCEAVA,Romania,47.6634521,26.2732302
CAG,CAGLIARI,Italy,39.2237323,9.1217194
PDV,PLOVDIV,Bulgaria,42.1354079,24.7452904
TUN,TUNIS,Tunisia,36.8064948,10.1815316
TMP,TAMPERE,Finland,61.4971456,23.7525985
LRH,LA ROCHELLE,France,46.160329,-1.151139
TYO,TOKYO,Japan,35.6764225,139.650027
VXO,VAXJO,Sweden,56.8790044,14.8058522
SUJ,SATU MARE,Romania,47.8016702,22.8575926
AMM,AMMAN,Jordan,31.9543786,35.9105776
NOC,KNOCK,Ireland,53.7900638,-8.921465999999999
PHX,PHOENIX,United States of America,33.4483771,-112.0740373
NCE,NICE,France,43.7101728,7.261953200000001
BEY,BEIRUT,Lebanon,33.8937913,35.5017767
MST,MAASTRICHT,Netherlands,50.8513682,5.6909725
FUE,FUERTEVENTURA,Spain and Canary Islands,28.3587436,-14.053676
PRG,PRAGUE,Czech Republic,50.0755381,14.4378005
SZZ,SZCZECIN,Poland,53.4285438,14.5528116
BLQ,BOLOGNA,Italy,44.494887,11.3426163
TPA,TAMPA,United States of America,27.9516896,-82.45875269999999
TAS,TASHKENT,Uzbekistan,41.2994958,69.2400734
ORL,ORLANDO,United States of America,28.5383832,-81.3789269
FKB,KARLSRUHE/BADEN-BADEN,Germany,48.76564,8.228524199999999
BUH,BUCHAREST,Romania,44.4267674,26.1025384
SJO,SAN JOSE,Costa Rica,9.9280694,-84.0907246
BCM,BACAU,Romania,46.5670437,26.9145748
YTO,TORONTO,Canada,43.653226,-79.3831843
ATH,ATHENS,Greece,37.9838096,23.7275388
SSH,SHARM EL-SHEIKH,Egypt,27.9654198,34.3617769
SPU,SPLIT,Croatia,43.5147118,16.4435148
HYD,HYDERABAD,India (including Andaman Isl.),17.406498,78.47724389999999
DEL,DELHI,India (including Andaman Isl.),10.7448873,92.49999179999999
DBV,DUBROVNIK,Croatia,42.65066059999999,18.0944238
BOM,MUMBAI,India (including Andaman Isl.),19.0759837,72.8776559
ORK,CORK,Ireland,51.8985143,-8.4756035
BZG,BYDGOSZCZ,Poland,53.12348040000001,18.0084378
KTW,KATOWICE,Poland,50.26489189999999,19.0237815
MSY,NEW ORLEANS,United States of America,29.9508941,-90.07583559999999
INV,INVERNESS,United Kingdom,57.477773,-4.224721
CFU,KERKYRA,Greece,39.6242621,19.9216777
CPT,CAPE TOWN,South Africa,-33.922087,18.4231418
DRW,DARWIN,Australia,-12.4637333,130.8444446
IST,ISTANBUL,Turkey,41.0082376,28.9783589
BRE,BREMEN,Germany,53.07929619999999,8.8016937
CTA,CATANIA,Italy,37.5078836,15.0830032
DXB,DUBAI,United Arab Emirates,25.2048493,55.2707828
KUN,KAUNAS,Lithuania,54.8985207,23.9035965
WRO,WROCLAW,Poland,51.10929480000001,17.0386019
HKT,PHUKET,Thailand,7.8804479,98.3922504
LOS,LAGOS,Nigeria,6.5243793,3.3792057
ZTH,ZAKINTHOS ISLAND,Greece,37.7870331,20.8998759
RUH,RIYADH,Saudi Arabia,24.7135517,46.6752957
GOT,GOTHENBURG,Sweden,57.70887,11.97456
INN,INNSBRUCK,Austria,47.2675322,11.3910349
CCF,CARCASSONNE,France,43.2163338,2.3538776
MUC,MUNICH,Germany,48.1351253,11.5819806
BGO,BERGEN,Norway,60.39126279999999,5.3220544
RMU,CORVERA,Spain and Canary Islands,37.8283567,-1.1594196
DND,DUNDEE,United Kingdom,56.462018,-2.970721
PIS,POITIERS,France,46.5798429,0.3416875
IAS,IASI,Romania,47.1584549,27.6014418
VRN,VERONA,Italy,45.4383659,10.9917136
BEG,BELGRADE,Serbia,44.8125449,20.46123
SID,SAL ISLAND,Cape Verde,16.7266152,-22.9297109
SVQ,SEVILLA,Spain and Canary Islands,28.2915637,-16.6291304
AGA,AGADIR,Morocco,30.4280405,-9.5925444
OHD,OHRID,"North Macedonia, Republic of",41.1230977,20.8016481
BFS,BELFAST,United Kingdom,54.59728500000001,-5.93012
BTS,BRATISLAVA,Slovak Republic,48.1485965,17.1077477
PHL,CAMDEN,United States of America,39.9425241,-75.1164689
PLQ,PALANGA,Lithuania,55.920198,21.0677615
BGI,BARBADOS,Barbados,13.193887,-59.543198
RHO,RHODES,Greece,36.4340533,28.2176379
SZG,SALZBURG,Austria,47.8014154,13.0448441
ZAG,ZAGREB,Croatia,45.8150108,15.981919
CGN,COLOGNE,Germany,50.937531,6.9602786
BOD,BORDEAUX,France,44.8416106,-0.5810938000000001
JMK,MYKONOS,Greece,37.4414601,25.3667218
HRG,HURGHADA,Egypt,27.2578957,33.8116067
TPS,TRAPANI,Italy,38.0174282,12.5364464
ALG,ALGIERS,Algeria,36.753768,3.0587561
CLT,CHARLOTTE,United States of America,35.2270869,-80.8431267
GDN,GDANSK,Poland,54.35202520000001,18.6466384
MRS,MARSEILLE,France,43.3025742,5.369074299999999
WAW,WARSAW,Poland,52.2296756,21.0122287
BDA,BERMUDA,Bermuda,32.3078,-64.7505
NUE,NUREMBERG,Germany,49.45428810000001,11.0745641
BZR,BEZIERS,France,43.344233,3.215795
VNO,VILNIUS,Lithuania,54.6871555,25.2796514
REU,REUS,Spain and Canary Islands,28.2915637,-16.6291304
FEZ,FES,Morocco,34.0181246,-5.0078451
NBE,ENFIDHA,Tunisia,36.1339922,10.3780485
LUX,LUXEMBOURG,Luxembourg,49.815273,6.129582999999999
HAJ,HANOVER,Germany,52.3758916,9.732010400000002
PUY,PULA,Croatia,44.8666232,13.8495788
LCA,LARNACA,Cyprus,34.9182222,33.6200625
PMO,PALERMO,Italy,38.1156864,13.3614635
TLL,TALLINN,Estonia,59.43696079999999,24.7535746
ABV,ABUJA,Nigeria,9.0562646,7.4985259
IOM,ISLE OF MAN,United Kingdom,54.236107,-4.548056
PSA,PISA,Italy,43.72283849999999,10.4017581
BLL,BILLUND,Denmark,55.728449,9.112366000000002
RIX,RIGA,Latvia,56.9676941,24.1056221
TUF,TOURS,France,47.3897679,0.6891731999999999
NAS,NASSAU,Bahamas,25.0443312,-77.3503609
CND,CONSTANTA,Romania,44.1759147,28.6519359
AUH,ABU DHABI,United Arab Emirates,24.453884,54.3773438
DFW,DALLAS/FORT WORTH,United States of America,32.7078751,-96.9209135
OMR,ORADEA,Romania,47.04650050000001,21.9189438
KWI,KUWAIT,Kuwait,29.31166,47.481766
CLJ,CLUJ-NAPOCA,Romania,46.7712101,23.6236353
HOU,HOUSTON,United States of America,29.7600771,-95.37011079999999
DTM,DORTMUND,Germany,51.5135872,7.465298100000001
MEX,MEXICO CITY,Mexico,19.4326077,-99.133208
SAO,SAO PAULO,Brazil,-23.5557714,-46.6395571
EFL,KEFALLINIA,Greece,38.1753675,20.5692179
MME,DURHAM,United Kingdom,54.77525,-1.584852
WMI,NOWY DWOR MAZOWIECKI,Poland,52.4769443,20.6780861
TAT,POPRAD,Slovak Republic,49.0511221,20.295414
CDT,CASTELLON DE LA PLANA,Spain and Canary Islands,39.9855905,-0.0496388
MAH,MENORCA,Spain and Canary Islands,39.9496287,4.1104449
FLR,FLORENCE,Italy,43.7699685,11.2576706
KGS,KOS,Greece,36.8915064,27.2877228
RJK,RIJEKA,Croatia,45.3270631,14.442176
LIG,LIMOGES,France,45.83361900000001,1.261105
AOI,ANCONA,Italy,43.6071395,13.5101741
NTE,NANTES,France,47.218371,-1.553621
BIO,BILBAO,Spain and Canary Islands,43.2633799,-2.9348121
KIN,KINGSTON,Jamaica,18.0178743,-76.8099041
SAN,SAN DIEGO,United States of America,32.715738,-117.1610838
POZ,POZNAN,Poland,52.40567859999999,16.9312766
AAR,AARHUS,Denmark,56.162939,10.203921
RBA,RABAT,Morocco,34.0083637,-6.8538748
LUZ,LUBLIN,Poland,51.2509458,22.5747275
MSP,MINNEAPOLIS,United States of America,44.977753,-93.2650108
CAI,CAIRO,Egypt,30.0444196,31.2357116
EIN,EINDHOVEN,Netherlands,51.42314229999999,5.462289699999999
RZE,RZESZOW,Poland,50.0411867,21.9991196
MAA,CHENNAI,India (including Andaman Isl.),13.0930694,80.2888899
JNB,JOHANNESBURG,South Africa,-26.205647,28.0337185
DRS,DRESDEN,Germany,51.0504088,13.7372621
PVK,PREVEZA/LEFKADA,Greece,38.9308745,20.7721627
BRQ,BRNO,Czech Republic,49.1950602,16.6068371
SVG,STAVANGER,Norway,58.9699756,5.7331073
BVC,BOA VISTA ISLAND,Cape Verde,16.0950108,-22.8078335
TER,TERCEIRA ISLAND,Portugal (including Azores & Madeira),38.7216415,-27.2205771
MCT,MUSCAT,Oman,23.5880307,58.3828717
VAR,VARNA,Bulgaria,43.2140504,27.9147333
CRA,CRAIOVA,Romania,44.3301785,23.7948808
ZAD,ZADAR,Croatia,44.119371,15.2313648
LIR,LIBERIA,Costa Rica,10.6341273,-85.4398195
BWN,BANDAR SERI BEGAWAN,Brunei Darussalam,4.8923413,114.9419021
LJU,LJUBLJANA,Slovenia,46.0569465,14.5057515
SDR,SANTANDER,Spain and Canary Islands,28.2915637,-16.6291304
SCQ,SANTIAGO DE COMPOSTELA,Spain and Canary Islands,28.2915637,-16.6291304
LXR,LUXOR,Egypt,25.6872431,32.6396357
MRU,MAURITIUS,Mauritius,-20.348404,57.55215200000001
GRX,GRANADA,Spain and Canary Islands,28.2915637,-16.6291304
TGD,PODGORICA,Montenegro,42.4304196,19.2593642
ACC,ACCRA,Ghana,5.559284600000001,-0.1974306
OSA,OSAKA,Japan,34.6937249,135.5022535
AUS,AUSTIN,United States of America,30.267153,-97.7430608
PUJ,PUNTA CANA,Dominican Republic,18.5600761,-68.372535
PEG,PERUGIA,Italy,43.1107168,12.3908279
ANK,ANKARA,Turkey,39.9333635,32.8597419
LDY,LONDONDERRY,United Kingdom,54.9964705,-7.3101358
BAK,BAKU,Azerbaijan,40.40926169999999,49.8670924
TNG,TANGIER,Morocco,35.7594651,-5.833954299999999
KIV,CHISINAU,Moldova Rep. of,47.0104529,28.8638103
BVE,BRIVE-LA-GAILLARDE,France,45.16229269999999,1.5267596
NQY,NEWQUAY,United Kingdom,50.41549699999999,-5.073719
PGF,PERPIGNAN,France,42.68748739999999,2.9006474
DTT,DETROIT,United States of America,42.331427,-83.0457538
PSR,PESCARA,Italy,42.4617624,14.2160321
DEN,DENVER,United States of America,39.7392358,-104.990251
BKK,BANGKOK,Thailand,13.7563309,100.5017651
KUL,KUALA LUMPUR,Malaysia,3.1319197,101.6840589
ZAZ,ZARAGOZA,Spain and Canary Islands,28.2915637,-16.6291304
FMM,MEMMINGEN,Germany,47.9844094,10.1774423
LDE,LOURDES/TARBES,France,43.1801456,-0.0042035
YYC,CALGARY,Canada,51.04473309999999,-114.0718831
GOI,GOA,India (including Andaman Isl.),15.2993265,74.12399599999999
LCJ,LODZ,Poland,51.7592924,19.4558778
MPL,MONTPELLIER,France,43.6108535,3.8761323
SEL,SEOUL,Korea (Rep. of),37.550263,126.9970831
AMD,AHMEDABAD,India (including Andaman Isl.),23.022505,72.5713621
SIN,SINGAPORE,Singapore,1.352083,103.819836
VOL,VOLOS,Greece,39.366584,22.9506769
OVD,ASTURIAS,Spain and Canary Islands,43.2504393,-5.983257699999999
BLR,BENGALURU,India (including Andaman Isl.),12.9715987,77.5945627
TRS,TRIESTE,Italy,45.65083420000001,13.7674486
XRY,JEREZ DE LA FRONTERA,Spain and Canary Islands,28.2915637,-16.6291304
THR,TEHRAN,Iran (Islamic Republic of),35.7218583,51.3346954
OSR,OSTRAVA,Czech Republic,49.8209226,18.2625243
MLE,MALE,Maldives,4.175270900000001,73.50911719999999
RIO,RIO DE JANEIRO,Brazil,-22.9068467,-43.1728965
SCL,SANTIAGO,Chile,-33.4488897,-70.6692655
EGC,BERGERAC,France,44.852877,0.4818831
DEB,DEBRECEN,Hungary,47.5288879,21.6254485
LHE,LAHORE,Pakistan,31.5203696,74.35874729999999
ANU,ANTIGUA,Antigua and Barbuda,17.0746557,-61.8175207
TRD,TRONDHEIM,Norway,63.4305149,10.3950528
LCG,LA CORUNA,Spain and Canary Islands,43.3637626,-8.4103923
PDL,PONTA DELGADA,Portugal (including Azores & Madeira),37.7394207,-25.6686725
TSR,TIMISOARA,Romania,45.7488716,21.2086793
SBZ,SIBIU,Romania,45.80347889999999,24.1449997
ATQ,AMRITSAR,India (including Andaman Isl.),31.6339793,74.8722642
ADD,ADDIS ABABA,Ethiopia,9.0191936,38.7524635
TGM,TIRGU MURES,Romania,46.5385862,24.5514392
SUF,LAMEZIA-TERME,Italy,38.974656,16.3183451
GRO,GERONA,Spain and Canary Islands,41.9794005,2.8214264
ORB,OREBRO,Sweden,59.2752626,15.2134105
BOJ,BURGAS,Bulgaria,42.50479259999999,27.4626361
LBA,LEEDS/BRADFORD,United Kingdom,53.8667051,-1.6586277
AAL,AALBORG,Denmark,57.0488195,9.921747
RTM,ROTTERDAM,Netherlands,51.9244201,4.4777325
SZY,SZCZYTNO,Poland,53.56354,20.99519
BJL,BANJUL,Gambia,13.454375,-16.5753186
HKG,HONG KONG,"Hong Kong (SAR), China",22.3193039,114.1693611
PVR,PUERTO VALLARTA,Mexico,20.6565177,-105.211358
BOG,BOGOTA,Colombia,4.710988599999999,-74.072092
YMQ,MONTREAL,Canada,45.5018869,-73.56739189999999
SPC,SANTA CRUZ DE LA PALMA,Spain and Canary Islands,28.6839962,-17.7645438
CMB,COLOMBO,Sri Lanka,6.9270786,79.861243
COK,KOCHI,India (including Andaman Isl.),9.9312328,76.26730409999999
SGN,HO CHI MINH CITY,Vietnam,10.8230989,106.6296638
SKP,SKOPJE,"North Macedonia, Republic of",41.9981294,21.4254355
NQZ,NUR-SULTAN,Kazakhstan,51.1655126,71.4272222
JSI,SKIATHOS,Greece,39.16352,23.4901667
SCO,AKTAU,Kazakhstan,43.67186299999999,51.2120512
KVA,KAVALA,Greece,40.937607,24.412866
BWI,BALTIMORE,United States of America,39.2903848,-76.6121893
YQB,QUEBEC,Canada,46.8130816,-71.20745959999999
BNA,NASHVILLE,United States of America,36.1626638,-86.7816016
BJV,BODRUM,Turkey,37.034407,27.43054
SMI,SAMOS,Greece,37.7547857,26.9777701
PXO,PORTO SANTO,Portugal (including Azores & Madeira),37.7412488,-25.6755944
AUA,ARUBA,Aruba,12.52111,-69.968338
SLC,SALT LAKE CITY,United States of America,40.7607793,-111.8910474
LEJ,LEIPZIG/HALLE,Germany,51.4189681,12.2333667
FSC,FIGARI,France,41.48734,9.130112
CLY,CALVI,France,42.567651,8.757221999999999
YHZ,HALIFAX,Canada,44.6508608,-63.5923256
RNS,RENNES,France,48.117266,-1.6777926
MJT,MYTILINI,Greece,39.1067382,26.5572747
BIA,BASTIA,France,42.697283,9.450880999999999
PER,PERTH,Australia,-31.9513993,115.8616783
SJC,SAN JOSE,United States of America,37.33874,-121.8852525
GZT,GAZIANTEP,Turkey,37.065953,37.37811
FNI,NIMES,France,43.8338727,4.359999699999999
KGL,KIGALI,Rwanda,-1.9440727,30.0618851
UIP,QUIMPER,France,47.9976492,-4.0973449
KHI,KARACHI,Pakistan,24.8607343,67.0011364
RDZ,RODEZ,France,44.349389,2.575986
PDX,PORTLAND,United States of America,45.515232,-122.6783853
AEY,AKUREYRI,Iceland,65.6825509,-18.0906858
PIT,PITTSBURGH,United States of America,40.44062479999999,-79.9958864
RDU,DURHAM,United States of America,35.9940329,-78.898619
RMI,RIMINI,Italy,44.0565776,12.5713325
TLN,TOULON/HYERES,France,43.1198436,6.1285466
BUE,BUENOS AIRES,Argentina,-34.6036844,-58.3815591
KSF,KASSEL,Germany,51.3118828,9.4915751
TAO,QINGDAO,"China, People’s Republic of",36.0662299,120.38299
EAS,SAN SEBASTIAN,Spain and Canary Islands,43.318237,-1.9817051
SHA,SHANGHAI,"China, People’s Republic of",31.230416,121.473701
IEV,KIEV,Ukraine,50.4503596,30.5245025
CAN,GUANGZHOU,"China, People’s Republic of",23.1290799,113.26436
BJS,BEIJING,"China, People’s Republic of",39.904211,116.407395
AJA,AJACCIO,France,41.919229,8.738635
FMO,MUNSTER,Germany,51.9606649,7.6261347
RLG,ROSTOCK-LAAGE,Germany,53.9286632,12.3456629
TOS,TROMSO,Norway,69.6492047,18.9553238
KRT,KHARTOUM,Sudan,15.597431,32.535587
RVN,ROVANIEMI,Finland,66.50394779999999,25.7293905
KTT,KITTILA,Finland,67.6507324,24.9158197
AQJ,AQABA,Jordan,29.5320522,35.0063209
KLU,KLAGENFURT,Austria,46.625704,14.3137371
KAO,KUUSAMO,Finland,65.9645876,29.1886652
DAC,DHAKA,Bangladesh,23.804093,90.4152376
ESU,ESSAOUIRA,Morocco,31.5084926,-9.7595041
IVL,IVALO,Finland,68.6576419,27.5397058
DKR,DAKAR,Senegal,14.716677,-17.4676861
LLA,LULEA,Sweden,65.584819,22.1567026
FDH,FRIEDRICHSHAFEN,Germany,47.65673289999999,9.4649538
ANR,ANTWERP,Belgium,51.2199302,4.414990299999999
POS,PORT OF SPAIN,Trinidad and Tobago,10.6603435,-61.5086355
VGO,VIGO,Spain and Canary Islands,28.2915637,-16.6291304
SZX,SHENZHEN,"China, People’s Republic of",22.5428599,114.05956
ASB,ASHGABAD,Turkmenistan,37.9600766,58.32606289999999
OZZ,OUARZAZATE,Morocco,30.9335436,-6.937016
BUF,BUFFALO,United States of America,42.88644679999999,-78.8783689
SRQ,BRADENTON,United States of America,27.4989278,-82.5748194
SYR,SYRACUSE,United States of America,43.0481221,-76.14742439999999
LON,LONDON,United Kingdom,51.5072178,-0.1275862
SAV,SAVANNAH,United States of America,32.0808989,-81.091203
RIC,RICHMOND,United States of America,37.5407246,-77.4360481
ALB,ALBANY,United States of America,42.6525793,-73.7562317
FMY,FORT MYERS,United States of America,26.6409247,-81.8605575
MKE,MILWAUKEE,United States of America,43.0389025,-87.9064736
ABQ,ALBUQUERQUE,United States of America,35.0843859,-106.650422
OMA,OMAHA,United States of America,41.2565369,-95.9345034
GCM,GRAND CAYMAN,Cayman Islands,19.3221698,-81.2408689
CVG,CINCINNATI,United States of America,39.1031182,-84.5120196
SJD,SAN JOSE DEL CABO,Mexico,23.0636562,-109.7024376
SJU,SAN JUAN,Puerto Rico,18.4153108,-66.0593509
SXM,ST MAARTEN,St. Maarten,18.04248,-63.05483
SAC,SACRAMENTO,United States of America,38.5781342,-121.4944209
FLL,FORT LAUDERDALE,United States of America,26.1224386,-80.13731740000001
CHS,CHARLESTON,United States of America,32.7833163,-79.9319664
BTV,BURLINGTON,United States of America,44.4758825,-73.21207199999999
GSO,GREENSBORO,United States of America,36.0725632,-79.791534
CMH,COLUMBUS,United States of America,39.9611755,-82.99879419999999
GSP,GREENVILLE,United States of America,34.85261759999999,-82.3940104
SAT,SAN ANTONIO,United States of America,29.4251905,-98.4945922
JAX,JACKSONVILLE,United States of America,30.3321838,-81.65565099999999
PWM,PORTLAND,United States of America,45.515232,-122.6783853
MYR,MYRTLE BEACH,United States of America,33.6954218,-78.8802094
LFW,LOME,Togo,6.129557699999999,1.2196502
PBI,WEST PALM BEACH,United States of America,26.7144532,-80.0549456
SAL,SAN SALVADOR,El Salvador,13.6929403,-89.2181911
STT,ST THOMAS ISLAND,"Virgin Islands, (US)",18.3380965,-64.8940946
LIM,LIMA,Peru,-12.0466888,-77.04308859999999
STL,ST LOUIS,United States of America,38.6270025,-90.19940419999999
MSN,MADISON,United States of America,43.0721661,-89.4007501
PTY,PANAMA CITY,Panama,8.9823792,-79.51986959999999
PVD,PROVIDENCE,United States of America,41.8239891,-71.4128343
OKC,OKLAHOMA CITY,United States of America,35.4675602,-97.5164276
GEO,GEORGETOWN,Guyana,6.8012793,-58.1551255
SDF,LOUISVILLE,United States of America,38.2468618,-85.7663724
GUA,GUATEMALA CITY,Guatemala,14.6349149,-90.5068824
GDL,GUADALAJARA,Mexico,20.6751707,-103.3473385
CHO,CHARLOTTESVILLE,United States of America,38.0293059,-78.47667810000002
ITH,ITHACA,United States of America,42.4439614,-76.5018807
DSM,DES MOINES,United States of America,41.5868417,-93.6249522
ROC,ROCHESTER,United States of America,43.15657789999999,-77.6088465
HHH,HILTON HEAD,United States of America,32.216316,-80.752608
BGR,BANGOR,United States of America,44.8016128,-68.7712257
BHM,BIRMINGHAM,United States of America,33.5185892,-86.8103567
STI,SANTIAGO,Dominican Republic,19.45409,-70.6922025
GRR,GRAND RAPIDS,United States of America,42.9633599,-85.6680863
PLS,PROVIDENCIALES,Turks and Caicos Islands,21.7737654,-72.271908
IND,INDIANAPOLIS,United States of America,39.76909,-86.158018
ORF,NORFOLK,United States of America,36.8507689,-76.28587259999999
PSE,PONCE,Puerto Rico,18.0033124,-66.6240293
TYS,KNOXVILLE,United States of America,35.9606384,-83.9207392
CAE,COLUMBIA,United States of America,34.0008322,-81.035147
CLE,CLEVELAND,United States of America,41.49932,-81.6943605
FYV,FAYETTEVILLE,United States of America,35.0523673,-78.87837739999999
POP,PUERTO PLATA,Dominican Republic,19.7860397,-70.6882107
OGG,KAHULUI,United States of America,20.8893016,-156.4728725
SVD,ST VINCENT,St. Vincent and the Grenadines,13.2509747,-61.1863473
ACK,NANTUCKET,United States of America,41.28394,-70.0999891
EGE,VAIL/EAGLE,United States of America,39.6433243,-106.3780801
ROA,ROANOKE,United States of America,37.2709704,-79.9414266
CLO,CALI,Colombia,3.4516467,-76.5319854
HAV,HAVANA,Cuba,23.133865,-82.3585654
MKC,KANSAS CITY,United States of America,39.0997265,-94.5785667
SNA,SANTA ANA,United States of America,33.7454725,-117.867653
BQN,AGUADILLA,Puerto Rico,18.4295875,-67.15410969999999
AVL,ASHEVILLE,United States of America,35.5975104,-82.54605629999999
SKB,ST KITTS,St. Kitts and Nevis,17.3433796,-62.7559043
HNL,HONOLULU,United States of America,21.3098845,-157.8581401
ORH,WORCESTER,United States of America,42.2625932,-71.8022934
HAR,HARRISBURG,United States of America,40.2731911,-76.8867008
SAP,SAN PEDRO SULA,Honduras,15.5038827,-88.01386190000001
EYW,KEY WEST,United States of America,24.5550593,-81.7799871
MEM,MEMPHIS,United States of America,35.1495343,-90.0489801
SDQ,SANTO DOMINGO,Dominican Republic,18.4626178,-69.93609239999999
CTG,CARTAGENA,Colombia,10.3932277,-75.4832311
ILM,WILMINGTON,United States of America,34.2103894,-77.8868117
PQI,PRESQUE ISLE,United States of America,46.68115299999999,-68.0158615
GYE,GUAYAQUIL,Ecuador,-2.1891341,-79.8899031
PNS,PENSACOLA,United States of America,30.42130899999999,-87.2169149
VPS,EGLIN AFB,United States of America,30.4635583,-86.5533382
BON,BONAIRE,"Bonaire, Sint Eustatius and Saba",12.2018902,-68.26238219999999
PAP,PORT AU PRINCE,Haiti,18.594395,-72.3074326
PGD,PUNTA GORDA,United States of America,26.9297836,-82.0453664
BZE,BELIZE,Belize,17.189877,-88.49765
BUR,BURBANK,United States of America,34.1808392,-118.3089661
GND,GRENADA,Grenada,12.1165,-61.67899999999999
MHT,MANCHESTER,United States of America,42.9956397,-71.4547891
JAC,JACKSON,United States of America,42.245869,-84.40134619999999
AGS,AUGUSTA,United States of America,33.4687314,-82.0283188
VRB,VERO BEACH,United States of America,27.6386434,-80.39727359999999
MDE,MEDELLIN,Colombia,6.2476376,-75.56581530000001
RNO,RENO,United States of America,39.529919,-119.8142691
PTP,POINTE A PITRE,Guadeloupe,16.2370504,-61.53762719999999
FOC,FUZHOU,"China, People’s Republic of",26.0742099,119.29647
PSP,PALM SPRINGS,United States of America,33.8302961,-116.5452921
MVY,MARTHA'S VINEYARD,United States of America,41.3804981,-70.645473
DAY,DAYTON,United States of America,39.7589478,-84.1916069
SCE,STATE COLLEGE,United States of America,40.7933949,-77.8600012
SLK,SARANAC LAKE,United States of America,44.329496,-74.1312662
MTJ,MONTROSE,United States of America,38.4783198,-107.8761738
AVP,SCRANTON,United States of America,41.408969,-75.66241219999999
CUR,CURACAO,Curacao,12.16957,-68.99002
HYA,HYANNIS,United States of America,41.6524911,-70.2881124
YOW,OTTAWA,Canada,45.4200572,-75.7003397
TAB,TOBAGO,Trinidad and Tobago,11.2336911,-60.69889089999999
BZN,BOZEMAN,United States of America,45.67931189999999,-111.037259
TVC,TRAVERSE CITY,United States of America,44.7630567,-85.62063169999999
RAP,RAPID CITY,United States of America,44.0805434,-103.2310149
MED,MADINAH,Saudi Arabia,24.4672132,39.6024496
HET,HOHHOT,"China, People’s Republic of",40.8414899,111.75199
FCA,KALISPELL,United States of America,48.1919889,-114.3168131
ANC,ANCHORAGE,United States of America,61.2175758,-149.8996785
MNL,MANILA,Philippines,14.5995124,120.9842195
HFD,HARTFORD,United States of America,43.3177794,-88.3789862
IPT,WILLIAMSPORT,United States of America,41.2411897,-77.00107860000001
OAK,OAKLAND,United States of America,37.8043514,-122.2711639
SBN,SOUTH BEND,United States of America,41.6763545,-86.25198979999999
AKL,AUCKLAND,New Zealand,-36.85088270000001,174.7644881
GRB,GREEN BAY,United States of America,44.5133188,-88.0132958
LNK,LINCOLN,United States of America,40.8136634,-96.7025764
BMG,BLOOMINGTON,United States of America,39.165325,-86.52638569999999
TUL,TULSA,United States of America,36.1539816,-95.99277500000001
LEX,LEXINGTON,United States of America,38.0389091,-84.5152662
FSD,SIOUX FALLS,United States of America,43.5460223,-96.731265
LIT,LITTLE ROCK,United States of America,34.7444618,-92.2880157
LAN,LANSING,United States of America,42.732535,-84.5555347
GPT,GULFPORT/BILOXI,United States of America,30.3674198,-89.0928155
MTY,MONTERREY,Mexico,25.6866142,-100.3161126
MGM,MONTGOMERY,United States of America,40.2290075,-75.3878525
PEI,PEREIRA,Colombia,4.8087174,-75.690601
HDN,HAYDEN,United States of America,47.76601609999999,-116.7865815
BGM,BINGHAMTON,United States of America,42.09868669999999,-75.91797380000001
RUN,ST DENIS,Reunion,-20.9202586,55.5136433
CAY,CAYENNE,French Guiana,4.937977399999999,-52.3354386
PUF,PAU,France,43.2951,-0.370797
BES,BREST,France,48.3899275,-4.4855959
SFA,SFAX,Tunisia,34.739822,10.7600196
BZV,BRAZZAVILLE,Congo,-4.2744405,15.2812803
CZL,CONSTANTINE,Algeria,36.3570052,6.639028199999999
DJE,DJERBA,Tunisia,33.8075978,10.8451467
BHX,BIRMINGHAM,United Kingdom,52.4822694,-1.8900078
YAO,YAOUNDE,Cameroon,3.8616853,11.5202292
TNR,ANTANANARIVO,Madagascar,-18.9184607,47.5211293
VIL,DAKHLA,Morocco,31.791702,-7.092619999999999
EVN,YEREVAN,Armenia,40.1872023,44.515209
LAD,LUANDA,Angola,-8.8146556,13.2301756
BRS,BRISTOL,United Kingdom,51.454513,-2.58791
DCM,CASTRES,France,43.6075999,2.2419407
ORN,ORAN,Algeria,35.6987388,-0.6349319
UGC,URGENCH,Uzbekistan,41.5345323,60.6248891
OUD,OUJDA,Morocco,34.681962,-1.900155
FDF,FORT-DE-FRANCE,Martinique,14.6060576,-61.06988399999999
NIM,NIAMEY,Niger,13.5115963,2.1253854
FIH,KINSHASA,"Congo, Democratic Republic of",-4.3032527,15.310528
TSN,TIANJIN,"China, People’s Republic of",39.085099,117.199369
CFE,CLERMONT-FERRAND,France,45.793516,3.0794951
ABJ,ABIDJAN,Cote d’Ivoire,5.3252258,-4.019603
LBV,LIBREVILLE,Gabon,0.4077972,9.440283299999999
DAR,DAR ES SALAAM,Tanzania,-6.8165054,39.2894367
MIR,MONASTIR,Tunisia,35.7642515,10.8112885
JIB,DJIBOUTI,Djibouti,11.825138,42.590275
LPY,LE PUY,France,45.042768,3.882936
LRM,LA ROMANA,Dominican Republic,18.4338645,-68.9658817
DLA,DOUALA,Cameroon,4.0510564,9.7678687
NDJ,N'DJAMENA,Chad,12.1191352,15.0502875
NDR,NADOR,Morocco,35.1739466,-2.9342366
MLW,MONROVIA,Liberia,6.3156068,-10.8073698
LPL,LIVERPOOL,United Kingdom,53.4083714,-2.9915726
CKY,CONAKRY,Guinea,9.5090945,-13.7119312
BAY,BAIA MARE,Romania,47.6567387,23.5849881
ALY,ALEXANDRIA,Egypt,31.2000924,29.9187387
TBS,TBILISI,Georgia,41.6938026,44.80151679999999
SSG,MALABO,Equatorial Guinea,3.7549606,8.7821344
NKC,NOUAKCHOTT,Mauritania,18.0735299,-15.9582372
FNA,FREETOWN,Sierra Leone,8.487080299999999,-13.2354918
TYN,TAIYUAN,"China, People’s Republic of",37.8705899,112.55067
OUA,OUAGADOUGOU,Burkina Faso,12.3714277,-1.5196603
COO,COTONOU,Benin,6.3562425,2.4277995
BKO,BAMAKO,Mali,12.6391699,-8.0025475
CWL,CARDIFF,United Kingdom,51.483707,-3.1680962
DZA,DZAOUDZI,Mayotte,-12.7819879,45.2564226
FOR,FORTALEZA,Brazil,-3.7327203,-38.5270134
AUR,AURILLAC,France,44.9332083,2.4482505
PNR,POINTE NOIRE,Congo,-4.7691623,11.866362
ZNZ,ZANZIBAR,Tanzania,-6.135729500000001,39.3621196
FAE,FAROE ISLANDS,Faroe Islands,61.89263500000001,-6.911805999999999
BJA,BEJAIA,Algeria,36.7514502,5.0557713
AAE,ANNABA,Algeria,36.897375,7.7500122
TLM,TLEMCEN,Algeria,34.8828864,-1.3166815
BGF,BANGUI,Central African Rep.,4.362156,18.5827765
KUT,KUTAISI,Georgia,42.2718339,42.7059437
QSF,SETIF,Algeria,36.1897593,5.4107984
TTU,TETOUAN,Morocco,35.57168,-5.359705099999999
ELU,EL OUED,Algeria,33.367811,6.8516511
ZSA,SAN SALVADOR,Bahamas,24.0775546,-74.4760088
BLJ,BATNA,Algeria,35.5446077,6.1596945
CFK,CHLEF,Algeria,36.1581301,1.3371874
BSK,BISKRA,Algeria,34.8536654,5.727726199999999
ULH,AL ULA,Saudi Arabia,26.6031391,37.929482
DMM,DAMMAM,Saudi Arabia,26.4206828,50.0887943
SYD,SYDNEY,Australia,-33.8688197,151.2092955
KHN,NANCHANG,"China, People’s Republic of",28.6820199,115.8579399
DAD,DA NANG,Vietnam,16.0544068,108.2021667
TRV,THIRUVANANTHAPURAM,India (including Andaman Isl.),8.5241391,76.9366376
CNS,CAIRNS,Australia,-16.9203476,145.7709529
BNE,BRISBANE,Australia,-27.4704528,153.0260341
CNX,CHIANG MAI,Thailand,18.7883439,98.98530079999999
CJB,COIMBATORE,India (including Andaman Isl.),11.0168445,76.9558321
JKT,JAKARTA,Indonesia,-6.1944491,106.8229198
PEN,PENANG,Malaysia,5.263234100000001,100.4846227
DPS,BALI ISLAND,Indonesia,-8.3405389,115.0919509
DVO,DAVAO,Philippines,7.0736114,125.6110248
NAN,NADI,Fiji,-17.7806257,177.4298961
VTZ,VISHAKHAPATNAM,India (including Andaman Isl.),17.6868159,83.2184815
RGN,YANGON,Myanmar,16.840939,96.173526
KCH,KUCHING,Malaysia,1.5533785,110.359503
CEB,CEBU,Philippines,10.3156992,123.8854366
MEL,MELBOURNE,Australia,-37.8136276,144.9630576
PBH,PARO,Bhutan,27.428684,89.41636539999999
POM,PORT MORESBY,Papua New Guinea,-9.4790043,147.1494164
LGK,LANGKAWI,Malaysia,6.35,99.8
HDY,HAT YAI,Thailand,7.0086472,100.4746879
KTM,KATHMANDU,Nepal,27.7103145,85.3221634
ADL,ADELAIDE,Australia,-34.9284989,138.6007456
PNH,PHNOM PENH,Cambodia,11.5563738,104.9282099
IPH,IPOH,Malaysia,4.6005126,101.0757837
TRZ,TIRUCHCHIRAPPALLI,India (including Andaman Isl.),10.7904833,78.7046725
SUB,SURABAYA,Indonesia,-7.2574719,112.7520883
MDC,MANADO,Indonesia,1.4748305,124.8420794
FUK,FUKUOKA,Japan,33.5901838,130.4016888
MFM,MACAO,"Macao (SAR), China",22.198745,113.543873
CHC,CHRISTCHURCH,New Zealand,-43.5320301,172.636648
REP,SIEM REAP,Cambodia,13.3632533,103.856403
CCU,KOLKATA,India (including Andaman Isl.),22.5743545,88.3628734
NGO,NAGOYA,Japan,35.18145060000001,136.9065571
OOL,GOLD COAST,Australia,-28.016667,153.4
IXM,MADURAI,India (including Andaman Isl.),9.9252007,78.1197754
MYY,MIRI,Malaysia,4.399493,113.9913832
BKI,KOTA KINABALU,Malaysia,5.9843644,116.077344
XMN,XIAMEN,"China, People’s Republic of",24.4795099,118.0894799
USM,KO SAMUI,Thailand,9.5120168,100.0135929
KBV,KRABI,Thailand,8.1191811,99.1013498
VTE,VIENTIANE,Lao People’s Dem. Rep.,17.9757058,102.6331035
CKG,CHONGQING,"China, People’s Republic of",29.5656843,106.5511838
MES,MEDAN,Indonesia,3.5951956,98.6722227
RDN,REDANG,Malaysia,5.7844414,103.0068926
NKG,NANJING,"China, People’s Republic of",32.0583799,118.79647
CTU,CHENGDU,"China, People’s Republic of",30.5722599,104.0665099
CJU,JEJU,Korea (Rep. of),33.3785614,126.5661908
PUS,BUSAN,Korea (Rep. of),35.1731121,129.0714122
NHA,NHA TRANG,Vietnam,12.2529152,109.1899018
CGO,ZHENGZHOU,"China, People’s Republic of",34.7472499,113.62493
NOU,NOUMEA,New Caledonia (including Loyalty Islands),-21.0454468,167.3324425
ROK,ROCKHAMPTON,Australia,-23.3786203,150.5088889
GAU,GUWAHATI,India (including Andaman Isl.),26.1157917,91.7085933
DIL,DILI,Timor Leste,-8.5563336,125.5798233
CGP,CHITTAGONG,Bangladesh,22.3752075,91.8348606
SIA,XI'AN,"China, People’s Republic of",34.2658138,108.9540936
HGH,HANGZHOU,"China, People’s Republic of",30.2741499,120.15515
LOP,PRAYA,Indonesia,-8.710364499999999,116.279495
WUH,WUHAN,"China, People’s Republic of",30.5927599,114.30525
UPG,MAKASSAR,Indonesia,-5.1615828,119.4359281
PKU,PEKANBARU,Indonesia,0.5070677,101.4477793
KMG,KUNMING,"China, People’s Republic of",24.8796599,102.83322
KUA,KUANTAN,Malaysia,3.8168287,103.3317173
NNG,NANNING,"China, People’s Republic of",22.8167299,108.3669
SPK,SAPPORO,Japan,43.0617713,141.3544506
PNQ,PUNE,India (including Andaman Isl.),18.5204303,73.8567437
SBW,SIBU,Malaysia,2.2883267,111.8312675
BPN,BALIKPAPAN,Indonesia,-1.2379274,116.8528526
HAK,HAIKOU,"China, People’s Republic of",20.0442199,110.19989
NGS,NAGASAKI,Japan,32.7503334,129.8778888
OIT,OITA,Japan,33.2396084,131.6095148
MMY,MIYAKO,Japan,39.6394645,141.9462611
KMJ,KUMAMOTO,Japan,32.8032164,130.7079369
ISG,ISHIGAKI,Japan,24.3406856,124.1555837
ASJ,AMAMI,Japan,27.7005538,128.8205454
IZO,IZUMO,Japan,35.3670442,132.7546943
OBO,OBIHIRO,Japan,42.9233354,143.197199
OKA,OKINAWA,Japan,26.3343533,127.8056058
DLC,DALIAN,"China, People’s Republic of",38.9139899,121.6147
TAK,TAKAMATSU,Japan,34.342542,134.0465405
KCZ,KOCHI,Japan,33.5588821,133.5312383
KOJ,KAGOSHIMA,Japan,31.5968539,130.5571392
TTJ,TOTTORI,Japan,35.5011082,134.2351011
KUH,KUSHIRO,Japan,42.9849413,144.381804
KMI,MIYAZAKI,Japan,31.9077285,131.4202196
TKS,TOKUSHIMA,Japan,34.0703652,134.5549537
GAJ,YAMAGATA,Japan,38.2459634,140.3350967
HIJ,HIROSHIMA,Japan,34.3852894,132.4553055
SDJ,SENDAI,Japan,38.268195,140.869418
HAC,HACHIJOJIMA,Japan,33.1030212,139.8035566
KMQ,KOMATSU,Japan,36.4084209,136.4458532
SYO,SHONAI,Japan,38.8482875,139.9069821
HKD,HAKODATE,Japan,41.7686961,140.7290599
SHI,SHIMOJISHIMA,Japan,24.8183207,125.1543783
MSJ,MISAWA,Japan,40.683157,141.3690006
AXT,AKITA,Japan,39.7192558,140.1042666
TNA,JINAN,"China, People’s Republic of",36.6518399,117.12009
AKJ,ASAHIKAWA,Japan,43.7708833,142.3650083
YGJ,YONAGO,Japan,35.4281164,133.3309966
KKJ,KITAKYUSHU,Japan,33.8834976,130.8751773
UBJ,UBE,Japan,33.9515554,131.2468161
MYJ,MATSUYAMA,Japan,33.8355117,132.7639923
IWK,IWAKUNI,Japan,34.1667451,132.2191641
OKJ,OKAYAMA,Japan,34.6555312,133.919795
HSG,SAGA,Japan,33.2631179,130.3009057
AOJ,AOMORI,Japan,40.8222197,140.7473524
TOY,TOYAMA,Japan,36.6958223,137.2137211
SHM,SHIRAHAMA,Japan,33.6781397,135.3481896
MMB,MEMANBETSU,Japan,36.204824,138.252924
IWJ,MASUDA,Japan,34.674846,131.842886
NTQ,WAJIMA,Japan,37.3910935,136.9025211
HRB,HARBIN,"China, People’s Republic of",45.7567307,126.6424173
GUM,GUAM,Guam,13.3823791,144.6972774
ONJ,ODATE/NOSHIRO,Japan,40.193892,140.3721343
HNA,HANAMAKI,Japan,39.3886253,141.1168998
MBE,MONBETSU,Japan,44.3564386,143.3543524
SHB,NAKASHIBETSU,Japan,43.5552107,144.9715637
WKJ,WAKKANAI,Japan,45.4156307,141.6733641
UEO,KUMEJIMA,Japan,26.34051,126.8050422
KOA,KONA,United States of America,19.6419129,-155.9962255
SPN,SAIPAN,Northern Mariana Islands (incl. Mariana Islands except Guam),13.3823791,144.6972774
KHH,KAOHSIUNG,Chinese Taipei,22.6272772,120.3014375
WUX,WUXI,"China, People’s Republic of",31.4909899,120.31237
YNY,YANGYANG,Korea (Rep. of),38.07848329999999,128.616075
TAE,DAEGU,Korea (Rep. of),35.8501034,128.5206192
SHE,SHENYANG,"China, People’s Republic of",41.804778,123.432968
NGB,NINGBO,"China, People’s Republic of",29.868336,121.54399
